{"before_fn": 40, "before_f1": 0.9978692576493651, "after_fn": 23, "after_f1": 0.998424660450462, "feedback_count": 1121}