{"before_fn": 18, "before_f1": 0.9987205731832139, "after_fn": 20, "after_f1": 0.9986777564512689, "feedback_count": 4}